ID,Name,Email,Bonus,Report,App,LT
18424013,Nguyễn Ngọc Châu,nnchau@outlook.com,2,8,8,5.5
18424005,Đặng Văn Thường,dvthuong@gmail.com,0,0,0,4.5
18424001,Lê Ngọc Quỳnh,ngocquynh0209@gmail.com,0,6,8,5.5
18424002,Hoàng Bá Hải,haihoang@outlook.com,1,3,4,6
18424003,La Tấn Thành,thanh.la@gmail.com,0,6,8,5.5
18424004,Hà Văn Cường,cuong.ha87@outlook.com,1,4,4,6
18424006,Vũ Giang Sơn,son.vu@yopmail.com,1,6,8,7
18424007,Thịnh Quốc Huy,huythinh89@example.com,1,8,8,9
18424008,Ứng Việt Quyết,quyet.ung@1secmail.org,0,6.5,7,5.5
18424009,Kiều Văn Tuấn,tuan.kieu82@esiix.com,1,2,3,4